id,name
136,Ira
696,Ashlee
493,Lita
439,Livvyy
1994,Bobinette
4639,Jaime
1826,Eolanda
1971,Raquela
547,Codie
817,Tami
4717,Ingrid
1572,Brooks
2117,Deirdre
2619,Deloria
172,Ofilia
943,Shauna
2187,Brena
4071,Steffane
4547,Yolane
1060,Candy
2773,Paule
1962,Perry
4123,Rochette
2523,Yvonne
5190,Daryl
1724,Harmonia
2005,Suzette
2003,Sam
2216,Ardys
3869,Charissa
5019,Laurene
4745,Maridel
2849,Consuela
688,Kathi
269,Lindie
2598,Ernesta
1083,Angelique
419,Dorice
4980,Rhoda
1156,Leia
5346,Jan
292,Sashenka
2314,Fidelia
4927,Annaliese
3964,Viki
5322,Roslyn
5276,Anestassia
3975,Vevay
471,Anthia
788,Dale
2174,Kristan
816,Concettina
630,Phylis
4217,Corly
1948,Rosene
2754,Marsiella
3747,Trixi
1205,Hyacinthe
2352,Emylee
309,Marika
3074,Trudie
1513,Neila
3165,Pierette
4162,Rhoda
3398,Alie
4512,Fredericka
637,Anthia
1217,Meghann
2684,Miquela
964,Aryn
1622,Patricia
2474,Karly
4307,Leontine
1693,Nelle
3684,Ilse
2220,Justinn
352,Jordan
2767,Merry
4892,Pollyanna
687,Trixi
169,Henriette
850,Lacie
1904,Demetris
871,Jsandye
2562,Ira
1003,Cassandra
2735,Caressa
692,Helena
2309,Claudina
2640,Dorthy
5463,Tami
4243,Agathe
2175,Cissiee
5021,Mahalia
4647,Adriana
4920,Leanna
4977,Rosene
1362,Paulita
2181,Kaja
3436,Ketti
498,Nananne
1555,Amelia
4057,Judy
5091,Luci
5260,Gusella
1455,Shannah
4238,Aili
5217,Felice
1799,Shandie
4239,Sophia
3049,Jennica
3734,Dagmar
1206,Regina
3132,Reeba
3691,Rozele
2258,Heddie
2525,Molli
3227,Pollyanna
2135,Madalyn
334,Courtnay
3234,Kirstin
4942,Hallie
1903,Ezmeralda
4783,Almeta
5261,Katleen
75,Vonny
4151,Marline
4184,Starla
1245,Genevra
4987,Celisse
2535,Ariela
1086,Viviene
5400,Lolita
4379,Ursulina
321,Margalo
631,Marita
1791,Jerry
2682,Karolina
2374,Giustina
892,Valeda
1221,Amalie
1256,Allis
5107,Sibella
195,Genevra
3557,Paola
1489,Ardenia
1117,Modestia
2940,Pollyanna
5350,Eolanda
1622,Vita
5017,Emilia
2001,Margarette
2444,Tatiania
2519,Nelle
3506,Aurelie
664,Cordi
1989,Talya
2716,Rosaline
1557,Leia
338,Arlena
2293,Merrie
4788,Elora
1618,Tani
4365,Emma
2340,Shandie
2943,Delilah
2847,Brianna
437,Tabbatha
683,Penelopa
5160,Jennica
1439,Cordi
209,Morganica
1693,Shaine
3339,Sue
663,Yolane
1368,Jemie
2120,Ricky
1997,Etta
478,Marleah
1675,Nanete
2721,Candi
413,Tina
330,Shel
3580,Di
3398,Rivalee
2701,Marnia
376,Mady
2331,Ardeen
2344,Emilia
4618,Konstance
1933,Sabina
1112,Miquela
1135,Myriam
87,Justinn
3623,Lelah
4965,Allis
1661,Kristan
5299,Nickie
65,Gilda
3063,Madelle
3780,Tani
4922,Dale
4106,Daphne
4632,Neila
1206,Jenilee
2149,Millie
1925,Olivette
1034,Sidoney
2248,Tersina
3585,Tiffie
3272,Louella
3513,Rani
526,Kayla
4106,Stevana
4479,Aigneis
4364,Laurene
4234,Jackie
2253,Josephine
5034,Vevay
60,Carmencita
3593,Sissy
2637,Tatiania
545,Danika
3749,Consuela
3610,Joceline
48,Darlleen
2695,Carmela
4455,Beth
2585,Bertine
3519,Roslyn
4350,Emilia
5115,Lila
626,Mara
3686,Katharina
4632,Brynna
42,Laure
1209,Claresta
3322,Britte
4617,Asia
148,Emma
1919,Annora
231,Arlena
4927,Glynnis
2737,Hildegaard
2683,Kathi
4704,Eve
4597,Tori
1571,Melisent
4301,Tiffie
410,Amelia
1157,Ofilia
1261,Catharine
3713,Flo
2290,Celene
2434,Amii
1408,Gaylene
1552,Harmonia
4139,Nadine
1618,Bobinette
3564,Dione
963,Aeriela
3431,Fayre
3353,Corene
1548,Oona
2391,Adore
1051,Michaelina
3080,Letizia
2015,Merrie
2636,Elfreda
2979,Betta
538,Abbie
1940,Arlina
599,Emma
5080,Jennica
2855,Daphne
2314,Clarice
3298,Sharlene
2593,Daune
247,Jenda
4596,Melodie
5279,Joceline
2551,Layla
5261,Evita
3389,Edyth
4166,Mellicent
4363,Letizia
95,Charlena
4357,Blake
5019,Justinn
659,Amelia
1277,Tilly
2031,Lelah
3437,Nicoli
1782,Anthia
3303,Melodie
3153,Celisse
2517,Felice
1855,Mara
3815,Helena
4569,Marita
1878,Alexine
4996,Collen
3075,Esmeralda
4844,Quintina
1336,Emylee
868,Tracey
5111,Alyda
2994,Helena
575,Cecile
664,Maryellen
2940,Madalyn
3906,Melisent
3287,Monika
2193,Aurore
2550,Corina
4244,Verla
540,Oralee
3211,Fina
2767,Livvyy
4926,Stevana
2183,Codie
1312,Mureil
4376,Tiffie
1173,Anestassia
5449,Alejandra
582,Micheline
4603,Maridel
2216,Sam
1303,Viki
5046,Judy
3436,Dania
3996,Codie
1919,Susette
2871,Chere
5286,Nananne
4992,Phedra
1450,Emelina
86,Mathilda
85,Kirstin
909,Nadine
2027,Maye
4144,Tierney
1595,Nariko
2443,Halette
1280,Maryellen
935,Edith
3016,Alia
3199,Charlena
4642,Latisha
3332,Merry
4048,Tera
3420,Brianna
2165,Ericka
4620,Isa
632,Leontine
3694,Nita
1066,Janey
3146,Deloria
3658,Elora
1462,Abbie
108,Fredericka
5006,Gilda
4785,Meriel
1797,Fawne
988,Georgetta
3025,Odessa
3675,Mellicent
3403,Tonia
635,Vonny
1707,Dorene
828,Feliza
2655,Morganica
2915,Cissiee
4067,Kristan
413,Damaris
3792,Modestia
4668,Mildrid
5374,Etta
1869,June
1762,Catharine
4694,Nyssa
4350,Maud
4768,Ernesta
3203,Celisse
3231,Dotty
3525,Tilly
2215,Kylynn
1373,Rubie
4248,Mady
5385,Debee
2922,Carlie
2051,Genevra
2576,Genovera
1362,Roxane
660,Kaja
1750,Ingrid
2409,Lisette
2337,Pierette
5433,Arlena
5013,Hayley
4192,Bobbi
3102,Bobinette
1137,Anestassia
29,Lindie
1,Frances
382,Letizia
413,Tarra
68,Leontine
2444,Esmeralda
4237,Lynde
4255,Darci
2387,Gabriellia
4954,Evita
2406,Yetty
134,Alexine
3544,Beverley
1607,Steffane
2554,Odessa
685,Susette
3811,Rani
583,Georgetta
1832,Zsa Zsa
795,Meriel
1799,Willetta
3096,Madalyn
4220,Gianina
1562,Constance
1670,Kellen
180,Cissiee
2798,Lorne
1149,Damaris
2081,Constance
3306,Kalina
2444,Catharine
4647,Odessa
11,Linet
2214,Hildegaard
1863,Nerta
1258,Anthia
1418,Alie
1037,Bernardine
2264,Helena
974,Taffy
640,Karolina
1568,Barbara
3655,Florencia
2292,Hermione
5456,Maud
3350,Demetris
1935,Cassandra
650,Karly
1402,Aurelie
5110,Rhoda
5206,Ezmeralda
3001,Carlie
2909,Carolina
685,Brietta
3586,Paule
3443,Blake
4294,Glenda
1354,Amara
3924,Dorene
76,Fredericka
3768,Bill
1710,Ruthe
3391,Maye
4932,Anthia
3348,Alisha
5093,Cathyleen
4850,Jean
371,Tami
4235,Talya
2346,Nanete
4921,Myriam
1429,Jenilee
3333,Alejandra
3499,Maye
461,Cristine
864,Coral
3249,Margarette
1365,Bobbi
3141,Charissa
3846,Dolli
4002,Christian
4434,Janis
1009,Sybille
1444,Alie
2371,Ursulina
2239,Queenie
1762,Alie
4067,Alameda
3325,Trixi
349,Olivette
3382,Andeee
1538,Barbi
3930,Rosaline
4638,Susette
50,Mary
4835,Aryn
1610,Mariann
4568,Veda
3838,Yvonne
4610,Merry
720,Noelle
68,Sibella
1979,Valli
4258,Marinna
4795,Donnie
3324,Wileen
3624,Catharine
878,Alameda
4881,Alleen
3755,Keelia
224,Ginnie
3961,Alyda
4887,Deirdre
4613,Patricia
2460,Robinia
3444,Myriam
2782,Anica
682,Betta
726,Rhea
1321,Ermengarde
5418,Ivett
670,Bernardine
2300,Brianna
2496,Pollyanna
1169,Elfreda
3779,Benita
3106,Mariele
1808,Dennie
4611,Nyssa
1294,Anallese
4991,Jere
1437,Lila
2536,Joceline
3563,Leanna
1126,Rochette
500,Lexine
1397,Marleah
2819,Mignon
5247,Aaren
3339,Maud
67,Ardys
572,Jessy
1384,Rubie
4115,Beverley
3518,Lauryn
966,Marika
2215,Sara-Ann
1187,Aryn
3320,Mariann
3393,Gilligan
741,Gui
2434,Linzy
3615,Tiffie
194,Vita
4407,Kirstin
3744,Arlena
4099,Blinni
4990,Angelique
2510,Rhea
1600,Kaja
207,Kirstin
2029,Ellette
3201,Lyssa
4974,Lanae
5398,Jasmina
3885,Veda
1140,Leontine
3023,Georgina
3786,Catharine
4509,Liana
3236,Shaine
2250,Ernesta
3021,Misha
5143,Clarice
4628,Gianina
1339,Zia
3189,Roseline
3408,Sherrie
1721,Nariko
2018,Elsie
3943,Odessa
1458,Anthia
1557,Charlena
3866,Elora
2816,Kittie
968,Jaime
1862,Hermione
5391,Jean
1317,Allis
2561,Sashenka
5391,Brietta
3364,Sissy
4394,Lucille
3055,Evaleen
1822,Belinda
3977,Robbi
1983,Edyth
913,Marcelline
4109,Sophia
2846,Sybille
1551,Latisha
2801,Raf
2519,Charmaine
2131,Margette
941,Malina
1808,Annice
2772,Clementine
4127,Sheelagh
1673,Lizzie
3377,Emma
2792,Thalia
3759,Romona
1825,Joceline
1426,Sonni
3640,Tani
3242,Edith
5446,Emylee
3103,Cristabel
3801,Cecile
1765,Anestassia
740,Kirbee
317,Kirstin
4162,Carlie
1824,Letizia
164,Catrina
3252,Beatriz
230,Gertrud
363,Cecile
5118,Kore
5010,Rochette
974,Liana
4873,Rayna
3338,Emylee
4043,Lucille
1801,Cristine
2296,Courtnay
671,Alex
2819,Shirlee
4409,Caressa
3979,Korrie
1188,Tami
4522,Corly
5229,Jillayne
957,Minda
271,Melina
262,Chrystel
1164,Daphne
4023,Orelia
826,Wendi
738,Berta
2623,Hannis
3834,Dione
3117,Kirstin
2536,Corina
1459,Edyth
1622,Valeda
1415,Ethel
2613,Ekaterina
3125,Lily
2590,Zondra
4166,Viki
2551,Lisette
2729,Addia
284,Aili
5336,Almeta
79,Penelopa
3038,Sherrie
5145,Noelle
1146,Ashlee
3066,Lorne
100,Dianemarie
2599,Cyb
2649,Mureil
156,Sadie
4278,Vere
1267,Allyce
1516,Antonietta
2153,Lorne
4345,Shannah
2808,Darci
113,Letizia
727,Deedee
4689,Gaylene
3098,Ronna
2858,Vanessa
5428,Jany
5337,Janis
3950,Ingrid
4625,Marcelline
3844,Karena
5102,Bobbi
4478,Chastity
1693,Almeta
3674,Ginnie
3089,Augustine
3663,Aurelie
4168,Elfreda
1553,Fayre
4453,Kara-Lynn
3924,Odessa
3783,Perry
3548,Caressa
4132,Gloria
5342,Lyssa
2212,Felice
5208,Linzy
2766,Dianemarie
4430,Corry
328,Carolina
5210,Fernande
1270,Evita
2076,Jessy
2866,Mallory
1539,Fanny
2832,Ulrike
5308,Correy
5389,Alisha
1373,Concettina
1541,Myrtice
4182,Glynnis
1504,Lisette
3313,Chrystel
3768,Ursulina
395,Merle
3206,Pierette
4373,Louella
1840,Blinni
1648,Noelle
5446,Chere
3964,Tybie
2247,Tera
4835,Merrie
4560,Vevay
509,Mireielle
1821,Sheelagh
486,Valera
3934,Blake
4555,Eve
588,Maye
1206,Alia
4428,Dulce
1552,Helsa
957,Oona
2827,Clarice
771,Leona
1595,Elena
720,Glynnis
5189,Ulrike
4886,Ginnie
744,Linzy
4652,Shell
694,Kirstin
317,Sallie
2506,Stacey
644,Teddie
1507,Kial
361,Candy
2181,Maud
2418,Roxane
991,Ingrid
189,Barbi
365,Aili
5300,Gloria
4167,Jacenta
2052,Starla
3240,Flory
3081,Bill
3868,Rosanne
1270,Modestia
3273,Anestassia
4465,Theodora
1176,Selma
172,Randa
3641,Clo
170,Riannon
644,Carilyn
5282,Deane
1730,Gratia
2395,Lucy
1062,Rozele
4536,Michaelina
1573,Caritta
162,Libbie
4574,Jaime
3228,Rhoda
4462,Norine
1436,Valeda
1508,Kial
1464,Aimil
1729,Tamqrah
3339,Norine
2828,Catharine
3034,Florie
2857,Melisent
5147,Elka
3517,Brianna
2953,Melodie
3198,Lanae
2183,Tamqrah
1901,Mallory
2192,Micheline
4829,Camile
461,Blake
888,Maurene
941,Ada
4821,Barbi
1616,Vinita
4229,Genovera
3833,Tera
959,Rozele
2730,Anthia
2974,Bernie
4357,Pollyanna
2910,Evita
4575,Dotty
4383,Demetris
3208,Rochette
943,Anestassia
2731,Berta
1362,Reeba
49,Roberta
2883,Anestassia
3072,Katuscha
1750,Leia
2191,Ida
1970,Gerianna
4312,Rosabelle
791,Florie
3272,Lexine
1482,Norine
5134,Ingrid
4126,Vinita
1905,Lily
1059,Fawne
41,Jeanna
3908,Robinia
3285,Renie
5323,Sarette
1543,Albertina
2403,Maye
2009,Ira
1005,Ana
4846,Lucille
344,Jeanna
4344,Theodora
5039,Nicoli
832,Fayre
921,Theodora
4075,Lindie
4681,Cyb
4468,Johna
1107,Tiffie
1442,Magdalena
4779,Dulcinea
2350,Allyce
3520,Delilah
3875,Jennica
1643,Minda
4975,Nerta
2514,Priscilla
3596,Karina
181,Andree
1630,Dennie
2580,Evaleen
915,Binny
933,Kaja
4975,Aigneis
4402,Gaylene
3824,Gloria
154,Gaylene
563,Tilly
2407,Dolli
3444,Cissiee
3675,Kamilah
5239,Cathie
2368,Sashenka
4006,Daryl
2384,Ronna
5087,Rori
253,Alejandra
3472,Veda
3076,Talya
1636,Lila
3776,Edee
3152,Tera
5357,Elbertina
910,Corry
4532,Ardeen
3295,Marita
307,Jacenta
3350,Evaleen
4999,Sherrie
1067,Tatiania
1734,Dyann
4526,Elena
3053,Annabela
4817,Ekaterina
3638,Florencia
1557,Kara-Lynn
5342,Dede
1538,Giustina
2322,Sarette
949,Selma
3604,Berget
963,Nataline
3186,Gratia
4027,Rebeca
853,Deane
4887,Bibby
5194,Amalie
4352,Harrietta
1110,Lynea
4340,Ursulina
2500,Lolita
2233,Sue
2671,Annice
442,Corry
2380,Allyce
5071,Kayla
113,Malina
2116,Adelle
1299,Nananne
3323,Valera
3831,Hope
416,Sissy
2621,Debee
1035,Melisent
3069,Jenilee
900,Carree
3068,Celisse
2433,Justinn
3694,Ardys
708,Sheree
1371,Bernardine
3254,Vivia
3249,Dorice
1474,Clo
3800,Lorie
2625,Cindelyn
2680,Stevana
813,Ira
5237,Anallese
556,Sharlene
2343,Marjie
4371,Agathe
1834,Kenna
4631,Tomasina
4484,Gale
2036,Tierney
1026,Lila
4964,Peri
3786,Sharai
3209,Bernie
1027,Merci
4113,Doralynne
730,Tina
3869,Kassey
1404,Robinia
3300,Tina
3666,Gusty
2322,Brianna
804,Linzy
5294,Candy
2635,Mary
1381,Dorice
3375,Benita
4249,Maridel
4333,Fanchon
1444,Cyndie
791,Nikki
2467,Ariela
1840,Alejandra
2385,Andree
2033,Nannie
4294,Elise
89,Alie
3847,Brietta
5427,Ariela
4661,Harrietta
2747,Fred
712,Annaliese
2429,Nickie
3830,Dorothy
3569,Tami
2838,Alleen
4903,Devina
5174,Sue
2301,Diena
2920,Almeta
1193,Bernie
5342,Minda
2563,Kaia
667,Flory
2176,Sashenka
3082,Eve
3545,Penelopa
324,Sherrie